Ticker,Name,YTD (%),1Y (%),3Y (%),5Y (%),10Y (%),Incept (%),Perf. as of,Inception Date,Net Assets,Product_ID,URL,Yield_To_Maturity,Weighted_Avg_Maturity,Convexity,Weighted_Avg_Coupon
AGG,iShares Core U.S. Aggregate Bond ETF,3.16,8.00,1.96,-0.68,1.50,3.10,"Apr 30, 2025","Sep 22, 2003",122782945919,239458,https://www.blackrock.com/us/individual/products/239458/ishares-core-total-us-bond-market-etf,0.0478,8.12,0.53,0.0354
AGIH,iShares Inflation Hedged U.S. Aggregate Bond ETF,3.42,7.17,-,-,-,2.72,"Apr 30, 2025","Jun 22, 2022",2461365,328179,https://www.blackrock.com/us/individual/products/328179/ishares-inflation-hedged-u-s-aggregate-bond-etf,0.0473,7.81,0.51,
AGRH,iShares Interest Rate Hedged U.S. Aggregate Bond ETF,0.77,4.50,-,-,-,5.19,"Apr 30, 2025","Jun 22, 2022",7754408,328180,https://www.blackrock.com/us/individual/products/328180/ishares-interest-rate-hedged-u-s-aggregate-bond-etf,0.0528,8.12,-0.16,
AGZ,iShares Agency Bond ETF,2.85,6.98,2.84,0.48,1.74,2.34,"Apr 30, 2025","Nov 05, 2008",608427190,239457,https://www.blackrock.com/us/individual/products/239457/ishares-agency-bond-etf,0.043,4.11,0.24,0.0347
BAIPX,iShares Short-Term TIPS Bond Index Fund,3.76,7.54,3.19,3.67,-,2.83,"Apr 30, 2025","Feb 16, 2016",5262810,282302,https://www.blackrock.com/us/individual/products/282302/blackrock-short-term-inflation-protected-securities-index-class-a-fund,,,,
BEMB,iShares J.P. Morgan Broad USD Emerging Markets Bond ETF,1.96,8.35,-,-,-,8.09,"Apr 30, 2025","Feb 22, 2023",46643479,329561,https://www.blackrock.com/us/individual/products/329561/ishares-j-p-morgan-broad-usd-emerging-markets-bond-etf,0.06570000000000001,8.95,0.57,0.05
BGRN,iShares USD Green Bond ETF,2.52,7.49,2.84,-0.03,-,1.90,"Apr 30, 2025","Nov 13, 2018",393324140,305296,https://www.blackrock.com/us/individual/products/305296/ishares-usd-green-bond-etf,0.049800000000000004,6.95,0.52,0.0363
BIDAX,iShares Municipal Bond Index Fund,-1.36,1.22,1.85,0.89,1.72,,"Apr 30, 2025","Nov 16, 2018",15925624,306662,https://www.blackrock.com/us/individual/products/306662/ishares-municipal-bond-index-fund,0.042800000000000005,,,
BIDIX,iShares Municipal Bond Index Fund,-1.28,1.47,2.10,1.14,1.89,,"Apr 30, 2025","Nov 16, 2018",31483929,306663,https://www.blackrock.com/us/individual/products/306663/ishares-municipal-bond-index-fund,0.042800000000000005,,,
BIDKX,iShares Municipal Bond Index Fund,-1.27,1.52,2.15,1.18,1.92,,"Apr 30, 2025","Nov 16, 2018",231988,306664,https://www.blackrock.com/us/individual/products/306664/ishares-municipal-bond-index-fund,0.042800000000000005,,,
BIDPX,iShares Municipal Bond Index Fund,-1.36,1.21,1.85,0.89,1.73,,"Apr 30, 2025","Nov 16, 2018",167473033,306171,https://www.blackrock.com/us/individual/products/306171/ishares-municipal-bond-index-fund,0.042800000000000005,,,
BIGGX,iShares Broad USD Investment Grade Corporate Bond ETF 529 Option,2.11,6.40,-,-,-,6.40,"Apr 30, 2025","Apr 30, 2024",503112,337180,https://www.blackrock.com/us/individual/products/337180/ishares-broad-usd-investment-grade-corporate-bond-etf-529-option,,,,
BIGNX,iShares Broad USD Investment Grade Corporate Bond ETF 529 Option,1.83,5.60,-,-,-,5.60,"Apr 30, 2025","Apr 30, 2024",58690,337172,https://www.blackrock.com/us/individual/products/337172/ishares-broad-usd-investment-grade-corporate-bond-etf-529-option,,,,
BIGOX,iShares Broad USD Investment Grade Corporate Bond ETF 529 Option,2.11,6.60,-,-,-,6.60,"Apr 30, 2025","Apr 30, 2024",10628,337173,https://www.blackrock.com/us/individual/products/337173/ishares-broad-usd-investment-grade-corporate-bond-etf-529-option,,,,
BIIPX,iShares Short-Term TIPS Bond Index Fund,3.85,7.93,3.43,3.94,-,3.10,"Apr 30, 2025","Feb 16, 2016",134362030,282303,https://www.blackrock.com/us/individual/products/282303/blackrock-short-term-inflation-protected-securities-index-class-institutional-fund,,,,
BKIPX,iShares Short-Term TIPS Bond Index Fund,3.87,7.87,3.50,3.95,-,3.13,"Apr 30, 2025","Feb 16, 2016",463068095,282304,https://www.blackrock.com/us/individual/products/282304/blackrock-short-term-inflation-protected-securities-index-class-k-fund,,,,
BMOAX,iShares U.S. Aggregate Bond Index Fund,3.08,7.71,1.71,-0.98,1.19,,"Apr 30, 2025","Mar 31, 2011",172799949,227790,https://www.blackrock.com/us/individual/products/227790/blackrock-bond-index-fund-class-a-fund,0.0452,,,
BMOIX,iShares U.S. Aggregate Bond Index Fund,3.17,7.98,1.96,-0.73,1.44,,"Apr 30, 2025","Mar 31, 2011",183148858,227788,https://www.blackrock.com/us/individual/products/227788/blackrock-bond-index-fund-inst-class-fund,0.0452,,,
BMOPX,iShares U.S. Aggregate Bond Index Fund,3.09,7.72,1.67,-0.98,1.19,,"Apr 30, 2025","Aug 06, 2018",9880989,298425,https://www.blackrock.com/us/individual/products/298425/ishares-u-s-aggregate-bond-index-fund,0.0452,,,
BYLD,iShares Yield Optimized Bond ETF,2.04,7.75,4.23,1.39,2.46,2.61,"Apr 30, 2025","Apr 22, 2014",239315214,264127,https://www.blackrock.com/us/individual/products/264127/ishares-yield-optimized-bond-etf,0.059500000000000004,7.21,0.36,
CEMB,iShares J.P. Morgan EM Corporate Bond ETF,1.88,7.69,4.71,3.18,3.23,3.44,"Apr 30, 2025","Apr 17, 2012",370325861,239525,https://www.blackrock.com/us/individual/products/239525/ishares-emerging-markets-corporate-bond-etf,0.0636,6.92,0.33,0.052199999999999996
CIVDX,iShares Core 1-5 Year USD Bond ETF 529 Option,2.50,6.80,-,-,-,6.80,"Apr 30, 2025","Apr 30, 2024",929054,337174,https://www.blackrock.com/us/individual/products/337174/ishares-core-1-5-year-usd-bond-etf-529-option,,,,
CIVJX,iShares Core 1-5 Year USD Bond ETF 529 Option,2.31,6.10,-,-,-,6.10,"Apr 30, 2025","Apr 30, 2024",60587,337181,https://www.blackrock.com/us/individual/products/337181/ishares-core-1-5-year-usd-bond-etf-529-option,,,,
CIVMX,iShares Core 1-5 Year USD Bond ETF 529 Option,2.68,7.10,-,-,-,7.10,"Apr 30, 2025","Apr 30, 2024",10660,337175,https://www.blackrock.com/us/individual/products/337175/ishares-core-1-5-year-usd-bond-etf-529-option,,,,
CMF,iShares California Muni Bond ETF,-1.53,1.15,2.06,0.64,1.71,3.16,"Apr 30, 2025","Oct 04, 2007",3584919915,239731,https://www.blackrock.com/us/individual/products/239731/ishares-california-amtfree-muni-bond-etf,0.0366,7.46,-0.12,0.0464
CSHP,iShares Enhanced Short-Term Bond Active ETF,1.32,-,-,-,-,-,"Apr 30, 2025","Jul 17, 2024",96773569,338251,https://www.blackrock.com/us/individual/products/338251/ishares-enhanced-short-term-bond-active-etf,0.0436,0.09,0.0,0.0366
EAGG,iShares ESG Aware U.S. Aggregate Bond ETF,3.14,7.92,1.83,-0.79,-,1.80,"Apr 30, 2025","Oct 18, 2018",3778020415,305252,https://www.blackrock.com/us/individual/products/305252/ishares-esg-aware-u-s-aggregate-bond-etf,0.0478,8.13,0.52,0.0355
ELQD,iShares ESG Advanced Investment Grade Corporate Bond ETF,2.35,7.58,2.54,-,-,-2.43,"Apr 30, 2025","Nov 08, 2021",12069479,321326,https://www.blackrock.com/us/individual/products/321326/ishares-esg-advanced-investment-grade-corporate-bond-etf,0.053899999999999997,12.28,1.07,0.0408
EMB,iShares J.P. Morgan USD Emerging Markets Bond ETF,1.90,8.69,4.78,2.68,2.52,4.31,"Apr 30, 2025","Dec 17, 2007",13072059838,239572,https://www.blackrock.com/us/individual/products/239572/ishares-jp-morgan-usd-emerging-markets-bond-etf,0.06849999999999999,11.38,0.78,0.0526
EMHY,iShares J.P. Morgan EM High Yield Bond ETF,0.96,10.00,7.28,5.98,3.76,4.09,"Apr 30, 2025","Apr 03, 2012",442162449,239527,https://www.blackrock.com/us/individual/products/239527/ishares-emerging-markets-high-yield-bond-etf,0.0812,8.82,0.33,0.0617
EUSB,iShares ESG Advanced Total USD Bond Market ETF,3.08,8.14,2.25,-,-,-0.55,"Apr 30, 2025","Jun 23, 2020",685368944,314499,https://www.blackrock.com/us/individual/products/314499/ishares-esg-advanced-total-usd-bond-market-etf,0.049100000000000005,7.52,0.45,0.0358
FALN,iShares Fallen Angels USD Bond ETF,-0.17,6.54,5.59,6.75,-,6.27,"Apr 30, 2025","Jun 14, 2016",1727193101,283855,https://www.blackrock.com/us/individual/products/283855/ishares-fallen-angels-usd-bond-etf,0.07139999999999999,7.01,0.18,0.0556
FIBR,iShares U.S. Fixed Income Balanced Risk Systematic ETF,2.13,8.93,4.55,0.89,2.02,2.04,"Apr 30, 2025","Feb 24, 2015",69874436,271544,https://www.blackrock.com/us/individual/products/271544/ishares-us-fixed-income-balanced-risk-etf,0.0562,6.13,-0.18,0.043
FLOT,iShares Floating Rate Bond ETF,1.38,5.35,5.28,3.59,2.52,2.08,"Apr 30, 2025","Jun 14, 2011",8804245683,239534,https://www.blackrock.com/us/individual/products/239534/ishares-floating-rate-bond-etf,0.0506,1.97,0.0,0.0506
GBF,iShares Government/Credit Bond ETF,3.04,7.43,1.75,-0.93,1.47,3.02,"Apr 30, 2025","Jan 05, 2007",154121311,239462,https://www.blackrock.com/us/individual/products/239462/ishares-governmentcredit-bond-etf,0.0463,8.37,0.73,0.0349
GHYG,iShares US & Intl High Yield Corp Bond ETF,3.31,10.02,6.46,5.51,3.88,4.33,"Apr 30, 2025","Apr 03, 2012",179768922,239551,https://www.blackrock.com/us/individual/products/239551/ishares-global-high-yield-corporate-bond-etf,0.0687,3.62,-0.15,0.0611
GNMA,iShares GNMA Bond ETF,3.09,8.19,1.75,-0.74,0.88,1.06,"Apr 30, 2025","Feb 14, 2012",356756813,239461,https://www.blackrock.com/us/individual/products/239461/ishares-gnma-bond-etf,0.0537,6.87,-0.29,0.0369
GOVT,iShares U.S. Treasury Bond ETF,3.56,7.60,1.20,-1.73,0.99,1.13,"Apr 30, 2025","Feb 14, 2012",27195855741,239468,https://www.blackrock.com/us/individual/products/239468/ishares-us-treasury-bond-etf,0.042699999999999995,7.41,0.69,0.028900000000000002
GOVZ,iShares 25+ Year Treasury STRIPS Bond ETF,0.65,1.05,-12.71,-,-,-15.79,"Apr 30, 2025","Sep 22, 2020",255201565,315911,https://www.blackrock.com/us/individual/products/315911/ishares-25+-year-treasury-strips-bond-etf,0.0501,27.3,7.24,0.0
GVI,iShares Intermediate Government/Credit Bond ETF,3.29,7.90,3.02,0.58,1.72,2.86,"Apr 30, 2025","Jan 05, 2007",3347514159,239464,https://www.blackrock.com/us/individual/products/239464/ishares-intermediate-governmentcredit-bond-etf,0.0437,4.22,0.2,0.0349
HYBB,iShares BB Rated Corporate Bond ETF,1.54,7.63,5.64,-,-,3.47,"Apr 30, 2025","Oct 06, 2020",205321591,305259,https://www.blackrock.com/us/individual/products/305259/ishares-bb-rated-corporate-bond-etf,0.0625,4.32,-0.16,0.0588
HYDB,iShares High Yield Systematic Bond ETF,0.05,7.66,6.52,6.83,-,5.19,"Apr 30, 2025","Jul 11, 2017",1622968275,288478,https://www.blackrock.com/us/individual/products/288478/ishares-high-yield-systematic-bond-etf,0.075,4.05,-0.1,0.0652
HYG,iShares iBoxx $ High Yield Corporate Bond ETF,1.14,8.81,5.79,5.23,3.85,4.89,"Apr 30, 2025","Apr 04, 2007",15479800918,239565,https://www.blackrock.com/us/individual/products/239565/ishares-iboxx-high-yield-corporate-bond-etf,0.0733,3.78,-0.17,0.0644
HYGH,iShares Interest Rate Hedged High Yield Bond ETF,-0.33,6.47,8.03,7.80,4.76,4.19,"Apr 30, 2025","May 27, 2014",412285892,264544,https://www.blackrock.com/us/individual/products/264544/ishares-interest-rate-hedged-high-yield-bond-etf,0.0771,3.65,-0.28,
HYGI,iShares Inflation Hedged High Yield Bond ETF,2.26,9.69,-,-,-,8.67,"Apr 30, 2025","Jun 22, 2022",5400232,328091,https://www.blackrock.com/us/individual/products/328091/ishares-inflation-hedged-high-yield-bond-etf,0.0717,3.63,-0.16,
HYGW,iShares High Yield Corporate Bond BuyWrite Strategy ETF,0.58,5.19,-,-,-,4.89,"Apr 30, 2025","Aug 18, 2022",221045296,329119,https://www.blackrock.com/us/individual/products/329119/ishares-high-yield-corporate-bond-buywrite-strategy-etf,0.0729,3.75,-0.53,
HYXF,iShares ESG Advanced High Yield Corporate Bond ETF,1.76,9.97,6.04,4.72,-,4.88,"Apr 30, 2025","Jun 14, 2016",174677684,283857,https://www.blackrock.com/us/individual/products/283857/ishares-esg-advanced-high-yield-corporate-bond-etf,0.07,3.99,-0.17,0.060700000000000004
HYXU,iShares International High Yield Bond ETF,9.86,13.42,7.63,5.15,3.04,3.18,"Apr 30, 2025","Apr 03, 2012",41041139,239550,https://www.blackrock.com/us/individual/products/239550/ishares-global-ex-usd-high-yield-corporate-bond-etf,0.053899999999999997,3.24,-0.09,0.049400000000000006
IAGG,iShares Core International Aggregate Bond ETF,1.46,6.99,3.25,0.72,-,2.59,"Apr 30, 2025","Nov 10, 2015",7324545239,279626,https://www.blackrock.com/us/individual/products/279626/ishares-international-aggregate-bond-etf,0.0277,8.2,0.87,0.0245
IBCA,iShares® iBonds® Dec 2035 Term Corporate ETF,-,-,-,-,-,-,"Apr 30, 2025","Mar 25, 2025",34922216,342119,https://www.blackrock.com/us/individual/products/342119/ishares-ibonds-dec-2035-term-corporate-etf,0.0545,9.87,0.68,0.0521
IBDQ,iShares® iBonds® Dec 2025 Term Corporate ETF,1.50,5.69,3.72,2.23,3.27,3.27,"Apr 30, 2025","Mar 11, 2015",3068008036,272346,https://www.blackrock.com/us/individual/products/272346/ishares-ibonds-dec-2025-corporate-etf,0.0482,0.27,-0.01,0.0371
IBDR,iShares® iBonds® Dec 2026 Term Corporate ETF,1.79,6.69,3.82,1.97,-,2.90,"Apr 30, 2025","Sep 13, 2016",3261861818,285027,https://www.blackrock.com/us/individual/products/285027/ishares-ibonds-dec-2026-term-corporate-etf-fund,0.0463,1.04,-0.01,0.0345
IBDS,iShares® iBonds® Dec 2027 Term Corporate ETF,2.29,7.68,4.01,2.09,-,3.00,"Apr 30, 2025","Sep 12, 2017",3023187665,290315,https://www.blackrock.com/us/individual/products/290315/ishares-ibonds-dec-2027-term-corporate-etf,0.045700000000000005,2.03,0.01,0.038
IBDT,iShares® iBonds® Dec 2028 Term Corporate ETF,3.01,8.54,4.21,1.91,-,3.82,"Apr 30, 2025","Sep 18, 2018",2812025161,304570,https://www.blackrock.com/us/individual/products/304570/ishares-ibonds-dec-2028-term-corporate-etf,0.04650000000000001,3.01,0.06,0.042199999999999994
IBDU,iShares® iBonds® Dec 2029 Term Corporate ETF,3.09,8.95,4.18,1.62,-,2.08,"Apr 30, 2025","Sep 17, 2019",2554998807,310035,https://www.blackrock.com/us/individual/products/310035/ishares-ibonds-dec-2029-term-corporate-etf,0.0484,4.01,0.12,0.0433
IBDV,iShares® iBonds® Dec 2030 Term Corporate ETF,3.46,9.58,4.07,-,-,0.31,"Apr 30, 2025","Jun 23, 2020",1793057970,314496,https://www.blackrock.com/us/individual/products/314496/ishares-ibonds-dec-2030-term-corporate-etf,0.0489,4.96,0.21,0.0364
IBDW,iShares® iBonds® Dec 2031 Term Corporate ETF,3.62,9.86,3.79,-,-,-0.75,"Apr 30, 2025","Jun 22, 2021",1480735929,319154,https://www.blackrock.com/us/individual/products/319154/ishares-ibonds-dec-2031-term-corporate-etf,0.0507,5.98,0.3,0.033
IBDX,iShares® iBonds® Dec 2032 Term Corporate ETF,2.93,9.00,-,-,-,4.77,"Apr 30, 2025","Jun 28, 2022",1053271200,328675,https://www.blackrock.com/us/individual/products/328675/ishares-ibonds-dec-2032-term-corporate-etf,0.052300000000000006,6.94,0.39,0.0416
IBDY,iShares® iBonds® Dec 2033 Term Corporate ETF,3.00,8.82,-,-,-,5.83,"Apr 30, 2025","Jun 21, 2023",720665699,332289,https://www.blackrock.com/us/individual/products/332289/ishares-ibonds-dec-2033-term-corporate-etf,0.0529,7.86,0.47,0.052000000000000005
IBDZ,iShares® iBonds® Dec 2034 Term Corporate ETF,2.65,-,-,-,-,-,"Apr 30, 2025","May 22, 2024",330806812,337465,https://www.blackrock.com/us/individual/products/337465/ishares-ibonds-dec-2034-term-corporate-etf,0.0545,8.93,0.58,0.053099999999999994
IBGA,iShares® iBonds® Dec 2044 Term Treasury ETF,3.79,-,-,-,-,-,"Apr 30, 2025","Jun 11, 2024",64326329,337747,https://www.blackrock.com/us/individual/products/337747/ishares-ibonds-dec-2044-term-treasury-etf,0.0493,18.86,2.05,0.0398
IBGB,iShares® iBonds® Dec 2045 Term Treasury ETF,-,-,-,-,-,-,"Apr 30, 2025","Mar 25, 2025",3634667,342124,https://www.blackrock.com/us/individual/products/342124/ishares-ibonds-dec-2045-term-treasury-etf,0.049699999999999994,19.79,2.34,0.0318
IBGL,iShares® iBonds® Dec 2055 Term Treasury ETF,-,-,-,-,-,-,"Apr 30, 2025","Mar 25, 2025",3613848,342146,https://www.blackrock.com/us/individual/products/342146/ishares-ibonds-dec-2055-term-treasury-etf,0.049100000000000005,29.74,3.48,0.0463
IBHE,iShares® iBonds® 2025 Term High Yield and Income ETF,1.84,6.59,6.32,6.89,-,4.87,"Apr 30, 2025","May 07, 2019",569550563,308567,https://www.blackrock.com/us/individual/products/308567/ishares-ibonds-2025-term-high-yield-and-income-etf,0.0524,0.3,-0.02,0.047599999999999996
IBHF,iShares® iBonds® 2026 Term High Yield and Income ETF,1.58,8.59,6.26,-,-,4.41,"Apr 30, 2025","Nov 10, 2020",807327249,316512,https://www.blackrock.com/us/individual/products/316512/ishares-ibonds-2026-term-high-yield-and-income-etf,0.0746,0.99,-0.11,0.054299999999999994
IBHG,iShares® iBonds® 2027 Term High Yield and Income ETF,1.95,8.58,5.79,-,-,2.98,"Apr 30, 2025","Jul 07, 2021",279970342,319422,https://www.blackrock.com/us/individual/products/319422/ishares-ibonds-2027-term-high-yield-and-income-etf,0.0637,1.7,-0.23,0.0616
IBHH,iShares® iBonds® 2028 Term High Yield and Income ETF,1.19,8.25,5.64,-,-,4.29,"Apr 30, 2025","Mar 08, 2022",225324328,326459,https://www.blackrock.com/us/individual/products/326459/ishares-ibonds-2028-term-high-yield-and-income-etf,0.0688,2.49,-0.22,0.06269999999999999
IBHI,iShares® iBonds® 2029 Term High Yield and Income ETF,0.11,7.69,5.55,-,-,3.85,"Apr 30, 2025","Mar 08, 2022",161004916,326462,https://www.blackrock.com/us/individual/products/326462/ishares-ibonds-2029-term-high-yield-and-income-etf,0.0764,3.57,-0.15,0.0655
IBHJ,iShares® iBonds® 2030 Term High Yield and Income ETF,1.00,7.93,-,-,-,8.82,"Apr 30, 2025","Jun 21, 2023",56094511,332287,https://www.blackrock.com/us/individual/products/332287/ishares-ibonds-2030-term-high-yield-and-income-etf,0.0708,4.14,-0.19,0.0658
IBHK,iShares® iBonds® 2031 Term High Yield and Income ETF,1.11,-,-,-,-,-,"Apr 30, 2025","May 22, 2024",22869837,337468,https://www.blackrock.com/us/individual/products/337468/ishares-ibonds-2031-term-high-yield-and-income-etf,0.0691,4.79,-0.15,0.0659
IBHL,iShares® iBonds® 2032 Term High Yield and Income ETF,-,-,-,-,-,-,"Apr 30, 2025","Mar 25, 2025",8775258,342115,https://www.blackrock.com/us/individual/products/342115/ishares-ibonds-2032-term-high-yield-and-income-etf,0.0688,5.17,-0.19,0.0696
IBIB,iShares® iBonds® Oct 2025 Term TIPS ETF,1.76,5.48,-,-,-,5.58,"Apr 30, 2025","Sep 13, 2023",34376045,333138,https://www.blackrock.com/us/individual/products/333138/ishares-ibonds-oct-2025-term-tips-etf,,0.29,0.0,0.0025
IBIC,iShares® iBonds® Oct 2026 Term TIPS ETF,2.99,7.37,-,-,-,6.40,"Apr 30, 2025","Sep 13, 2023",49058308,333118,https://www.blackrock.com/us/individual/products/333118/ishares-ibonds-oct-2026-term-tips-etf,,1.01,0.02,0.0044
IBID,iShares® iBonds® Oct 2027 Term TIPS ETF,3.97,8.60,-,-,-,6.86,"Apr 30, 2025","Sep 13, 2023",44252026,333135,https://www.blackrock.com/us/individual/products/333135/ishares-ibonds-oct-2027-term-tips-etf,,2.02,0.05,0.008199999999999999
IBIE,iShares® iBonds® Oct 2028 Term TIPS ETF,4.60,9.14,-,-,-,6.87,"Apr 30, 2025","Sep 13, 2023",85855425,333132,https://www.blackrock.com/us/individual/products/333132/ishares-ibonds-oct-2028-term-tips-etf,,3.0,0.1,0.013999999999999999
IBIF,iShares® iBonds® Oct 2029 Term TIPS ETF,4.93,9.18,-,-,-,7.13,"Apr 30, 2025","Sep 19, 2023",36521291,333141,https://www.blackrock.com/us/individual/products/333141/ishares-ibonds-oct-2029-term-tips-etf,,4.02,0.17,0.0167
IBIG,iShares® iBonds® Oct 2030 Term TIPS ETF,5.20,9.55,-,-,-,7.03,"Apr 30, 2025","Sep 19, 2023",69063292,333128,https://www.blackrock.com/us/individual/products/333128/ishares-ibonds-oct-2030-term-tips-etf,,4.91,0.25,0.004
IBIH,iShares® iBonds® Oct 2031 Term TIPS ETF,5.33,9.44,-,-,-,6.73,"Apr 30, 2025","Sep 19, 2023",25919810,333121,https://www.blackrock.com/us/individual/products/333121/ishares-ibonds-oct-2031-term-tips-etf,,5.91,0.36,0.0013
IBII,iShares® iBonds® Oct 2032 Term TIPS ETF,5.27,9.20,-,-,-,6.42,"Apr 30, 2025","Sep 19, 2023",20484165,333079,https://www.blackrock.com/us/individual/products/333079/ishares-ibonds-oct-2032-term-tips-etf,,6.92,0.48,0.005600000000000001
IBIJ,iShares® iBonds® Oct 2033 Term TIPS ETF,5.12,8.85,-,-,-,5.94,"Apr 30, 2025","Sep 19, 2023",25621272,333076,https://www.blackrock.com/us/individual/products/333076/ishares-ibonds-oct-2033-term-tips-etf,,7.92,0.6,0.0125
IBIK,iShares® iBonds® Oct 2034 Term TIPS ETF,4.99,-,-,-,-,-,"Apr 30, 2025","May 22, 2024",41766879,337462,https://www.blackrock.com/us/individual/products/337462/ishares-ibonds-oct-2034-term-tips-etf,,8.92,0.72,0.0181
IBIL,iShares® iBonds® Oct 2035 Term TIPS ETF,-,-,-,-,-,-,"Apr 30, 2025","Mar 25, 2025",4995714,342148,https://www.blackrock.com/us/individual/products/342148/ishares-ibonds-oct-2035-term-tips-etf,,9.66,0.82,0.0213
IBMN,iShares® iBonds® Dec 2025 Term Muni Bond ETF,0.87,3.27,2.31,1.22,-,2.45,"Apr 30, 2025","Nov 13, 2018",444857498,282964,https://www.blackrock.com/us/individual/products/282964/ishares-ibonds-dec-2025-term-muni-bond-etf,0.0321,0.22,0.0,0.0464
IBMO,iShares® iBonds® Dec 2026 Term Muni Bond ETF,0.90,3.48,2.40,1.20,-,1.66,"Apr 30, 2025","Apr 02, 2019",513919964,308047,https://www.blackrock.com/us/individual/products/308047/ishares-ibonds-dec-2026-term-muni-bond-etf,0.0302,1.02,0.0,0.0489
IBMP,iShares® iBonds® Dec 2027 Term Muni Bond ETF,0.72,3.27,2.47,1.15,-,1.67,"Apr 30, 2025","Apr 09, 2019",532183872,308049,https://www.blackrock.com/us/individual/products/308049/ishares-ibonds-dec-2027-term-muni-bond-etf,0.0305,1.88,0.03,0.0493
IBMQ,iShares® iBonds® Dec 2028 Term Muni Bond ETF,0.55,2.89,2.47,1.03,-,1.67,"Apr 30, 2025","Apr 16, 2019",438939296,308051,https://www.blackrock.com/us/individual/products/308051/ishares-ibonds-dec-2028-term-muni-bond-etf,0.0311,2.83,0.04,0.048600000000000004
IBMR,iShares® iBonds® Dec 2029 Term Muni Bond ETF,0.41,2.49,-,-,-,2.01,"Apr 30, 2025","May 09, 2023",237876217,331834,https://www.blackrock.com/us/individual/products/331834/ishares-ibonds-dec-2029-term-muni-bond-etf,0.031200000000000002,3.88,0.06,0.048799999999999996
IBMS,iShares® iBonds® Dec 2030 Term Muni Bond ETF,0.31,-,-,-,-,-,"Apr 30, 2025","May 22, 2024",70846780,337460,https://www.blackrock.com/us/individual/products/337460/ishares-ibonds-dec-2030-term-muni-bond-etf,0.0321,4.97,0.1,0.0479
IBMT,iShares® iBonds® Dec 2031 Term Muni Bond ETF,-,-,-,-,-,-,"Apr 30, 2025","Mar 25, 2025",3749977,342151,https://www.blackrock.com/us/individual/products/342151/ishares-ibonds-dec-2031-term-muni-bond-etf,0.0329,6.01,0.18,0.0473
IBTF,iShares® iBonds® Dec 2025 Term Treasury ETF,1.39,5.40,2.87,0.28,-,1.06,"Apr 30, 2025","Feb 25, 2020",2112352927,312454,https://www.blackrock.com/us/individual/products/312454/ishares-ibonds-dec-2025-term-treasury-etf,0.0434,0.31,0.0,0.0239
IBTG,iShares® iBonds® Dec 2026 Term Treasury ETF,1.87,6.35,2.63,-0.25,-,0.65,"Apr 30, 2025","Feb 25, 2020",1888624310,312457,https://www.blackrock.com/us/individual/products/312457/ishares-ibonds-dec-2026-term-treasury-etf,0.0414,1.13,0.02,0.0203
IBTH,iShares® iBonds® Dec 2027 Term Treasury ETF,2.76,7.51,2.51,-0.74,-,0.27,"Apr 30, 2025","Feb 25, 2020",1527266408,312460,https://www.blackrock.com/us/individual/products/312460/ishares-ibonds-dec-2027-term-treasury-etf,0.04,2.08,0.05,0.024399999999999998
IBTI,iShares® iBonds® Dec 2028 Term Treasury ETF,3.58,8.40,2.35,-1.13,-,-0.02,"Apr 30, 2025","Feb 25, 2020",999973714,312463,https://www.blackrock.com/us/individual/products/312463/ishares-ibonds-dec-2028-term-treasury-etf,0.039900000000000005,3.06,0.1,0.0236
IBTJ,iShares® iBonds® Dec 2029 Term Treasury ETF,4.16,8.84,2.08,-1.54,-,-0.29,"Apr 30, 2025","Feb 25, 2020",662407896,312466,https://www.blackrock.com/us/individual/products/312466/ishares-ibonds-dec-2029-term-treasury-etf,0.0404,4.07,0.17,0.0304
IBTK,iShares® iBonds® Dec 2030 Term Treasury ETF,4.65,9.43,1.56,-,-,-2.47,"Apr 30, 2025","Jul 14, 2020",434478173,314830,https://www.blackrock.com/us/individual/products/314830/ishares-ibonds-dec-2030-term-treasury-etf,0.0409,5.04,0.25,0.0275
IBTL,iShares® iBonds® Dec 2031 Term Treasury ETF,4.89,9.48,1.07,-,-,-2.17,"Apr 30, 2025","Jul 13, 2021",368566997,319421,https://www.blackrock.com/us/individual/products/319421/ishares-ibonds-dec-2031-term-treasury-etf,0.0418,6.02,0.35,0.024300000000000002
IBTM,iShares® iBonds® Dec 2032 Term Treasury ETF,5.02,9.55,-,-,-,0.75,"Apr 30, 2025","Jul 06, 2022",315335671,328944,https://www.blackrock.com/us/individual/products/328944/ishares-ibonds-dec-2032-term-treasury-etf,0.0426,6.99,0.44,0.0323
IBTO,iShares® iBonds® Dec 2033 Term Treasury ETF,5.02,9.26,-,-,-,2.79,"Apr 30, 2025","Jun 27, 2023",338893854,332291,https://www.blackrock.com/us/individual/products/332291/ishares-ibonds-dec-2033-term-treasury-etf,0.0434,8.07,0.55,0.0384
IBTP,iShares® iBonds® Dec 2034 Term Treasury ETF,4.91,-,-,-,-,-,"Apr 30, 2025","Jun 11, 2024",129856895,337745,https://www.blackrock.com/us/individual/products/337745/ishares-ibonds-dec-2034-term-treasury-etf,0.0441,9.03,0.65,0.041299999999999996
IBTQ,iShares® iBonds® Dec 2035 Term Treasury ETF,-,-,-,-,-,-,"Apr 30, 2025","Mar 25, 2025",4963314,342105,https://www.blackrock.com/us/individual/products/342105/ishares-ibonds-dec-2035-term-treasury-etf,0.0444,9.75,0.72,0.0463
ICSH,iShares Ultra Short Duration Bond Active ETF,1.60,5.49,4.72,2.96,2.35,2.12,"Apr 30, 2025","Dec 11, 2013",6104165757,258806,https://www.blackrock.com/us/individual/products/258806/ishares-liquidity-income-etf,0.0462,0.69,0.01,0.0473
ICVT,iShares Convertible Bond ETF,0.45,13.09,5.30,10.75,-,9.08,"Apr 30, 2025","Jun 02, 2015",2472301830,272819,https://www.blackrock.com/us/individual/products/272819/ishares-convertible-bond-etf,0.029300000000000003,2.93,1.2,0.0213
IEF,iShares 7-10 Year Treasury Bond ETF,4.90,9.00,0.72,-2.58,0.93,3.49,"Apr 30, 2025","Jul 22, 2002",34370731269,239456,https://www.blackrock.com/us/individual/products/239456/ishares-710-year-treasury-bond-etf,0.0436,8.39,0.58,0.0392
IEI,iShares 3-7 Year Treasury Bond ETF,4.22,8.64,2.47,-0.40,1.38,2.89,"Apr 30, 2025","Jan 05, 2007",16026601183,239455,https://www.blackrock.com/us/individual/products/239455/ishares-37-year-treasury-bond-etf,0.0409,4.7,0.22,0.030899999999999997
IGBH,iShares Interest Rate Hedged Long-Term Corporate Bond ETF,-1.66,2.21,6.73,6.76,-,3.63,"Apr 30, 2025","Jul 22, 2015",97712934,275397,https://www.blackrock.com/us/individual/products/275397/ishares-interest-rate-hedged-10-year-credit-bond-etf,0.0625,23.44,0.02,
IGEB,iShares Investment Grade Systematic Bond ETF,2.21,8.15,3.85,1.36,-,2.88,"Apr 30, 2025","Jul 11, 2017",1070549179,288302,https://www.blackrock.com/us/individual/products/288302/ishares-investment-grade-systematic-bond-etf,0.0546,8.95,0.7,0.0466
IGIB,iShares 5-10 Year Investment Grade Corporate Bond ETF,3.19,9.35,4.19,1.50,2.69,3.77,"Apr 30, 2025","Jan 05, 2007",14591905759,239463,https://www.blackrock.com/us/individual/products/239463/ishares-intermediate-credit-bond-etf,0.053200000000000004,7.46,0.43,0.044800000000000006
IGLB,iShares 10+ Year Investment Grade Corporate Bond ETF,1.10,6.19,0.87,-1.95,2.09,4.27,"Apr 30, 2025","Dec 08, 2009",2498390313,239423,https://www.blackrock.com/us/individual/products/239423/ishares-10-year-credit-bond-etf,0.059800000000000006,22.1,2.17,0.045899999999999996
IGOV,iShares International Treasury Bond ETF,8.65,9.56,-0.71,-3.32,-0.86,0.21,"Apr 30, 2025","Jan 21, 2009",976165647,239830,https://www.blackrock.com/us/individual/products/239830/ishares-international-treasury-bond-etf,0.0287,9.59,1.11,0.0222
IGSB,iShares 1-5 Year Investment Grade Corporate Bond ETF,2.72,7.88,4.51,2.45,2.41,2.77,"Apr 30, 2025","Jan 05, 2007",20770736556,239451,https://www.blackrock.com/us/individual/products/239451/ishares-13-year-credit-bond-etf,0.0478,3.0,0.07,0.0418
ILTB,iShares Core 10+ Year USD Bond ETF,2.20,6.73,-1.03,-3.92,1.47,3.87,"Apr 30, 2025","Dec 08, 2009",591313158,239424,https://www.blackrock.com/us/individual/products/239424/ishares-core-longterm-us-bond-etf,0.056600000000000004,21.76,2.34,0.0394
IMTB,iShares Core 5-10 Year USD Bond ETF,3.56,9.17,2.49,-0.03,-,1.50,"Apr 30, 2025","Nov 01, 2016",248474154,285539,https://www.blackrock.com/us/individual/products/285539/ishares-core-5-10-year-usd-bond-etf,0.0516,7.42,0.13,0.0381
ISHG,iShares 1-3 Year International Treasury Bond ETF,9.61,10.26,2.06,-0.21,-0.26,-0.66,"Apr 30, 2025","Jan 21, 2009",331545185,239829,https://www.blackrock.com/us/individual/products/239829/ishares-13-year-international-treasury-bond-etf,0.022099999999999998,1.88,0.05,0.02
ISTB,iShares Core 1-5 Year USD Bond ETF,2.80,7.69,3.77,1.71,2.09,1.89,"Apr 30, 2025","Oct 18, 2012",4451425658,244051,https://www.blackrock.com/us/individual/products/244051/ishares-core-shortterm-us-bond-etf,0.045899999999999996,2.86,0.07,0.037000000000000005
IUSB,iShares Core Total USD Bond Market ETF,3.00,8.11,2.40,-0.02,1.83,2.03,"Apr 30, 2025","Jun 10, 2014",32845338314,264615,https://www.blackrock.com/us/individual/products/264615/ishares-core-total-usd-bond-market-etf,0.0501,7.92,0.49,0.038
LDRC,iShares® iBonds® 1-5 Year Corporate Ladder ETF,2.32,-,-,-,-,-,"Apr 30, 2025","Nov 07, 2024",9025552,340159,https://www.blackrock.com/us/individual/products/340159/ishares-ibonds-1-5-year-corporate-ladder-etf,0.047,2.07,0.04,0.0
LDRH,iShares® iBonds® 1-5 Year High Yield and Income Ladder ETF,1.32,-,-,-,-,-,"Apr 30, 2025","Nov 07, 2024",3974897,340126,https://www.blackrock.com/us/individual/products/340126/ishares-ibonds-1-5-year-high-yield-and-income-ladder-etf,0.0672,1.81,-0.14,0.0
LDRI,iShares® iBonds® 1-5 Year TIPS Ladder ETF,3.59,-,-,-,-,-,"Apr 30, 2025","Nov 07, 2024",7103102,340132,https://www.blackrock.com/us/individual/products/340132/ishares-ibonds-1-5-year-tips-ladder-etf,,2.07,0.07,0.0
LDRT,iShares® iBonds® 1-5 Year Treasury Ladder ETF,2.66,-,-,-,-,-,"Apr 30, 2025","Nov 07, 2024",20595357,340161,https://www.blackrock.com/us/individual/products/340161/ishares-ibonds-1-5-year-treasury-ladder-etf,0.040999999999999995,2.13,0.07,0.0
LEMB,iShares J.P. Morgan EM Local Currency Bond ETF,6.35,8.38,3.83,1.10,-0.21,-0.10,"Apr 30, 2025","Oct 18, 2011",300970382,239528,https://www.blackrock.com/us/individual/products/239528/ishares-emerging-markets-local-currency-bond-etf,0.0731,7.67,0.51,0.0666
LQD,iShares iBoxx $ Investment Grade Corporate Bond ETF,2.22,7.50,2.61,-0.17,2.37,4.41,"Apr 30, 2025","Jul 22, 2002",29697566053,239566,https://www.blackrock.com/us/individual/products/239566/ishares-iboxx-investment-grade-corporate-bond-etf,0.0541,12.82,1.11,0.044000000000000004
LQDB,iShares BBB Rated Corporate Bond ETF,1.83,7.33,3.41,-,-,-0.20,"Apr 30, 2025","May 18, 2021",42452858,318688,https://www.blackrock.com/us/individual/products/318688/ishares-bbb-rated-corporate-bond-etf,0.0535,9.53,0.78,0.0414
LQDH,iShares Interest Rate Hedged Corporate Bond ETF,-0.62,3.60,6.71,5.94,3.47,3.00,"Apr 30, 2025","May 27, 2014",450289555,264542,https://www.blackrock.com/us/individual/products/264542/ishares-interest-rate-hedged-corporate-bond-etf,0.058600000000000006,14.33,0.0,
LQDI,iShares Inflation Hedged Corporate Bond ETF,2.32,6.38,2.12,4.01,-,3.95,"Apr 30, 2025","May 08, 2018",90392195,294319,https://www.blackrock.com/us/individual/products/294319/ishares-inflation-hedged-corporate-bond-etf,0.0525,12.45,1.07,
LQDW,iShares Investment Grade Corporate Bond BuyWrite Strategy ET,2.55,6.27,-,-,-,0.37,"Apr 30, 2025","Aug 18, 2022",235249953,329120,https://www.blackrock.com/us/individual/products/329120/ishares-investment-grade-corporate-bond-buywrite-strategy-etf,0.054000000000000006,12.72,-8.86,
MEAR,iShares Short Maturity Municipal Bond Active ETF,0.97,3.36,3.11,1.94,1.51,1.48,"Apr 30, 2025","Mar 03, 2015",1035333725,272112,https://www.blackrock.com/us/individual/products/272112/ishares-short-maturity-municipal-bond-etf,0.0353,1.29,0.04,0.0417
MUB,iShares National Muni Bond ETF,-1.11,1.43,2.09,1.14,1.92,3.02,"Apr 30, 2025","Sep 07, 2007",38837703675,239766,https://www.blackrock.com/us/individual/products/239766/ishares-national-amtfree-muni-bond-etf,0.0388,7.73,-0.25,0.0467
NEAR,iShares Short Duration Bond Active ETF,2.29,7.04,5.27,3.58,2.50,2.28,"Apr 30, 2025","Sep 25, 2013",3267471262,239854,https://www.blackrock.com/us/individual/products/239854/ishares-short-maturity-bond-etf,0.0478,2.6,0.01,0.0415
NYF,iShares New York Muni Bond ETF,-1.15,1.30,2.07,1.03,1.75,2.96,"Apr 30, 2025","Oct 04, 2007",878350717,239767,https://www.blackrock.com/us/individual/products/239767/ishares-new-york-amtfree-muni-bond-etf,0.038900000000000004,7.96,-0.23,0.0467
QLTA,iShares Aaa - A Rated Corporate Bond ETF,2.51,7.33,2.46,-0.45,2.01,2.37,"Apr 30, 2025","Feb 14, 2012",1655513601,239431,https://www.blackrock.com/us/individual/products/239431/ishares-aaa-a-rated-corporate-bond-etf,0.0507,10.43,0.9,0.0414
SGOV,iShares 0-3 Month Treasury Bond ETF,1.38,4.90,4.44,-,-,2.71,"Apr 30, 2025","May 26, 2020",45806737390,314116,https://www.blackrock.com/us/individual/products/314116/ishares-0-3-month-treasury-bond-etf,0.0431,0.1,0.0,0.0
SHV,iShares Short Treasury Bond ETF,1.36,4.90,4.22,2.45,1.82,1.44,"Apr 30, 2025","Jan 05, 2007",20919366551,239466,https://www.blackrock.com/us/individual/products/239466/ishares-short-treasury-bond-etf,0.0429,0.31,0.0,0.0254
SHY,iShares 1-3 Year Treasury Bond ETF,2.39,6.52,3.15,1.15,1.43,1.93,"Apr 30, 2025","Jul 22, 2002",23862490063,239452,https://www.blackrock.com/us/individual/products/239452/ishares-13-year-treasury-bond-etf,0.0404,1.92,0.05,0.0275
SHYG,iShares 0-5 Year High Yield Corporate Bond ETF,0.78,7.84,6.22,6.41,4.26,4.11,"Apr 30, 2025","Oct 15, 2013",6190626532,258100,https://www.blackrock.com/us/individual/products/258100/ishares-05-year-high-yield-corporate-bond-etf,0.0742,2.85,-0.17,0.0635
SLQD,iShares 0-5 Year Investment Grade Corporate Bond ETF,2.39,7.23,4.37,2.36,2.43,2.36,"Apr 30, 2025","Oct 15, 2013",2214550347,258098,https://www.blackrock.com/us/individual/products/258098/ishares-05-year-investment-grade-corporate-bond-etf,0.0466,2.36,0.05,0.0394
STIP,iShares 0-5 Year TIPS Bond ETF,3.86,7.96,3.54,4.04,2.85,2.31,"Apr 30, 2025","Dec 01, 2010",11893548404,239450,https://www.blackrock.com/us/individual/products/239450/ishares-05-year-tips-bond-etf,,2.52,0.09,0.0102
SUB,iShares Short-Term National Muni Bond ETF,0.75,3.16,2.34,1.27,1.21,1.48,"Apr 30, 2025","Nov 05, 2008",9433940633,239772,https://www.blackrock.com/us/individual/products/239772/ishares-shortterm-national-amtfree-muni-bond-etf,0.030899999999999997,1.93,0.04,0.0487
SUSB,iShares ESG Aware 1-5 Year USD Corporate Bond ETF,2.64,7.71,4.24,2.19,-,2.52,"Apr 30, 2025","Jul 11, 2017",973905438,288490,https://www.blackrock.com/us/individual/products/288490/ishares-esg-aware-1-5-year-usd-corporate-bond-etf,0.0472,2.95,0.08,0.038900000000000004
SUSC,iShares ESG Aware USD Corporate Bond ETF,2.19,7.40,2.81,0.22,-,2.07,"Apr 30, 2025","Jul 11, 2017",1109118765,288488,https://www.blackrock.com/us/individual/products/288488/ishares-esg-aware-usd-corporate-bond-etf,0.0527,10.32,0.85,0.0425
TFLO,iShares Treasury Floating Rate Bond ETF,1.40,4.82,4.53,2.74,1.94,1.74,"Apr 30, 2025","Feb 03, 2014",7022315101,260652,https://www.blackrock.com/us/individual/products/260652/ishares-treasury-floating-rate-bond-etf,0.0449,1.01,0.0,0.0451
TIP,iShares TIPS Bond ETF,4.24,7.90,0.64,1.60,2.28,3.56,"Apr 30, 2025","Dec 04, 2003",13691882291,239467,https://www.blackrock.com/us/individual/products/239467/ishares-tips-bond-etf,,7.21,0.8,0.010700000000000001
TLH,iShares 10-20 Year Treasury Bond ETF,4.02,7.73,-2.63,-6.71,-0.35,2.95,"Apr 30, 2025","Jan 05, 2007",9898819870,239453,https://www.blackrock.com/us/individual/products/239453/ishares-1020-year-treasury-bond-etf,0.048799999999999996,16.96,1.88,0.0315
TLT,iShares 20+ Year Treasury Bond ETF,3.23,5.46,-6.03,-9.43,-0.87,3.79,"Apr 30, 2025","Jul 22, 2002",48796891937,239454,https://www.blackrock.com/us/individual/products/239454/ishares-20-year-treasury-bond-etf,0.049699999999999994,25.48,3.38,0.0286
TLTW,iShares 20+ Year Treasury Bond BuyWrite Strategy ETF,4.36,9.16,-,-,-,-3.76,"Apr 30, 2025","Aug 18, 2022",1049237870,329118,https://www.blackrock.com/us/individual/products/329118/ishares-20+-year-treasury-bond-buywrite-strategy-etf,0.0496,25.07,-16.42,
USHY,iShares Broad USD High Yield Corporate Bond ETF,0.99,8.68,6.17,6.30,-,4.28,"Apr 30, 2025","Oct 25, 2017",22501151650,291299,https://www.blackrock.com/us/individual/products/291299/ishares-broad-usd-high-yield-corporate-bond-etf,0.0737,3.93,-0.16,0.06480000000000001
USIG,iShares Broad USD Investment Grade Corporate Bond ETF,2.38,7.78,3.26,0.71,2.42,3.90,"Apr 30, 2025","Jan 05, 2007",13589554544,239460,https://www.blackrock.com/us/individual/products/239460/ishares-credit-bond-etf,0.0529,9.91,0.8,0.0436
WFBIX,iShares U.S. Aggregate Bond Index Fund,3.19,8.03,1.98,-0.68,1.49,,"Apr 30, 2025","Feb 02, 2010",2690534558,227787,https://www.blackrock.com/us/individual/products/227787/blackrock-bond-index-class-k-fund,0.0452,,,
